{"cameraMode":{"drawMode":0,"name":"Shaded","section":"Shading Mode"},"sceneLighting":false,"audioPlay":false,"sceneViewState":{"showFog":false,"showMaterialUpdate":false,"showSkybox":false,"showFlares":false,"showImageEffects":false,"showParticleSystems":false},"in2DMode":false,"pivot":{"x":-1.501072645187378,"y":3.658205509185791,"z":0.15656717121601106},"rotation":{"x":0.5087208151817322,"y":0.2651943266391754,"z":-0.16830317676067353,"w":0.8015922904014587},"size":1.6664183139801026,"orthographic":false}