{"cameraMode":{"drawMode":0,"name":"Shaded","section":"Shading Mode"},"sceneLighting":true,"audioPlay":false,"sceneViewState":{"showFog":false,"showMaterialUpdate":false,"showSkybox":false,"showFlares":false,"showImageEffects":false,"showParticleSystems":false},"in2DMode":false,"pivot":{"x":2.9244022369384767,"y":-2.572497844696045,"z":1.4721095561981202},"rotation":{"x":-0.36306148767471316,"y":0.5605955123901367,"z":-0.2985062599182129,"w":-0.681787371635437},"size":11.121122360229493,"orthographic":false}